headline,category
Tume ya uchaguzi yatangaza mageuzi ya mfumo wa upigaji kura 1,Politics
Serikali yatangaza mpango mpya wa maendeleo katika kaunti 2,Politics
Gavana atoa tamko kuhusu migogoro ya ardhi 3,Politics
Tume ya uchaguzi yatangaza mageuzi ya mfumo wa upigaji kura 4,Politics
Wabunge wajadili marekebisho ya sheria ya ushuru 5,Politics
Rais akutana na viongozi wa eneo kujadili amani 6,Politics
Tume ya uchaguzi yatangaza mageuzi ya mfumo wa upigaji kura 7,Politics
Seneti yaanza uchunguzi kuhusu matumizi mabaya ya fedha 8,Politics
Tume ya uchaguzi yatangaza mageuzi ya mfumo wa upigaji kura 9,Politics
Serikali yatangaza mpango mpya wa maendeleo katika kaunti 10,Politics
Viongozi wa upinzani wakosoa bajeti mpya ya taifa 11,Politics
Tume ya uchaguzi yatangaza mageuzi ya mfumo wa upigaji kura 12,Politics
Seneti yaanza uchunguzi kuhusu matumizi mabaya ya fedha 13,Politics
Tume ya uchaguzi yatangaza mageuzi ya mfumo wa upigaji kura 14,Politics
Rais akutana na viongozi wa eneo kujadili amani 15,Politics
Viongozi wa upinzani wakosoa bajeti mpya ya taifa 16,Politics
Wabunge wajadili marekebisho ya sheria ya ushuru 17,Politics
Waziri atangaza sera mpya za utawala bora 18,Politics
Seneti yaanza uchunguzi kuhusu matumizi mabaya ya fedha 19,Politics
Rais akutana na viongozi wa eneo kujadili amani 20,Politics
Viongozi wa upinzani wakosoa bajeti mpya ya taifa 21,Politics
Tume ya uchaguzi yatangaza mageuzi ya mfumo wa upigaji kura 22,Politics
Gavana atoa tamko kuhusu migogoro ya ardhi 23,Politics
Serikali yatangaza mpango mpya wa maendeleo katika kaunti 24,Politics
Tume ya uchaguzi yatangaza mageuzi ya mfumo wa upigaji kura 25,Politics
Wabunge wajadili marekebisho ya sheria ya ushuru 26,Politics
Wabunge wajadili marekebisho ya sheria ya ushuru 27,Politics
Waziri atangaza sera mpya za utawala bora 28,Politics
Waziri atangaza sera mpya za utawala bora 29,Politics
Serikali yatangaza mpango mpya wa maendeleo katika kaunti 30,Politics
Gavana atoa tamko kuhusu migogoro ya ardhi 31,Politics
Tume ya uchaguzi yatangaza mageuzi ya mfumo wa upigaji kura 32,Politics
Waziri atangaza sera mpya za utawala bora 33,Politics
Wabunge wajadili marekebisho ya sheria ya ushuru 34,Politics
Gavana atoa tamko kuhusu migogoro ya ardhi 35,Politics
Serikali yatangaza mpango mpya wa maendeleo katika kaunti 36,Politics
Rais akutana na viongozi wa eneo kujadili amani 37,Politics
Waziri atangaza sera mpya za utawala bora 38,Politics
Wabunge wajadili marekebisho ya sheria ya ushuru 39,Politics
Waziri atangaza sera mpya za utawala bora 40,Politics
Wafanyabiashara wadogo walalamikia ongezeko la ada 1,Business
Benki Kuu yatangaza mabadiliko ya viwango vya riba 2,Business
Benki Kuu yatangaza mabadiliko ya viwango vya riba 3,Business
Wakulima wa chai wategemea mavuno bora mwaka huu 4,Business
Uagizaji wa bidhaa kutoka nje washuka kwa asilimia kubwa 5,Business
Uagizaji wa bidhaa kutoka nje washuka kwa asilimia kubwa 6,Business
Soko la hisa la Nairobi lashuhudia ukuaji wa thamani 7,Business
Bei ya petroli yapanda baada ya marekebisho ya EPRA 8,Business
Sekta ya utalii yashuhudia ongezeko la watalii 9,Business
Bei ya petroli yapanda baada ya marekebisho ya EPRA 10,Business
Kampuni za teknolojia zazindua huduma mpya za malipo 11,Business
Soko la hisa la Nairobi lashuhudia ukuaji wa thamani 12,Business
Kampuni za teknolojia zazindua huduma mpya za malipo 13,Business
Uagizaji wa bidhaa kutoka nje washuka kwa asilimia kubwa 14,Business
Soko la hisa la Nairobi lashuhudia ukuaji wa thamani 15,Business
Bei ya petroli yapanda baada ya marekebisho ya EPRA 16,Business
Kampuni za teknolojia zazindua huduma mpya za malipo 17,Business
Soko la hisa la Nairobi lashuhudia ukuaji wa thamani 18,Business
Kampuni za teknolojia zazindua huduma mpya za malipo 19,Business
Uagizaji wa bidhaa kutoka nje washuka kwa asilimia kubwa 20,Business
Wafanyabiashara wadogo walalamikia ongezeko la ada 21,Business
Wafanyabiashara wadogo walalamikia ongezeko la ada 22,Business
Uagizaji wa bidhaa kutoka nje washuka kwa asilimia kubwa 23,Business
Benki Kuu yatangaza mabadiliko ya viwango vya riba 24,Business
Uagizaji wa bidhaa kutoka nje washuka kwa asilimia kubwa 25,Business
Wakulima wa chai wategemea mavuno bora mwaka huu 26,Business
Kampuni za teknolojia zazindua huduma mpya za malipo 27,Business
Benki Kuu yatangaza mabadiliko ya viwango vya riba 28,Business
Wakulima wa chai wategemea mavuno bora mwaka huu 29,Business
Benki Kuu yatangaza mabadiliko ya viwango vya riba 30,Business
Sekta ya utalii yashuhudia ongezeko la watalii 31,Business
Wafanyabiashara wadogo walalamikia ongezeko la ada 32,Business
Sekta ya utalii yashuhudia ongezeko la watalii 33,Business
Kampuni za teknolojia zazindua huduma mpya za malipo 34,Business
Soko la hisa la Nairobi lashuhudia ukuaji wa thamani 35,Business
Uagizaji wa bidhaa kutoka nje washuka kwa asilimia kubwa 36,Business
Soko la hisa la Nairobi lashuhudia ukuaji wa thamani 37,Business
Wakulima wa chai wategemea mavuno bora mwaka huu 38,Business
Uagizaji wa bidhaa kutoka nje washuka kwa asilimia kubwa 39,Business
Soko la hisa la Nairobi lashuhudia ukuaji wa thamani 40,Business
Mashindano ya riadha yaanze leo mjini Eldoret 1,Sports
Harambee Stars yatangaza kikosi kipya kwa mechi za kimataifa 2,Sports
Timu ya voliboli ya taifa yajiandaa kwa mashindano ya Afrika 3,Sports
Mashindano ya mbio za magari yaendelea Nakuru 4,Sports
Mashindano ya riadha yaanze leo mjini Eldoret 5,Sports
Gor Mahia yashinda pambano muhimu dhidi ya wapinzani 6,Sports
Mwanariadha wa Kenya avunja rekodi ya kitaifa 7,Sports
Gor Mahia yashinda pambano muhimu dhidi ya wapinzani 8,Sports
Klabu za soka zaendelea kujifua kwa msimu mpya 9,Sports
Klabu za soka zaendelea kujifua kwa msimu mpya 10,Sports
Mashindano ya riadha yaanze leo mjini Eldoret 11,Sports
Mashindano ya mbio za magari yaendelea Nakuru 12,Sports
Gor Mahia yashinda pambano muhimu dhidi ya wapinzani 13,Sports
Mashindano ya riadha yaanze leo mjini Eldoret 14,Sports
Klabu za soka zaendelea kujifua kwa msimu mpya 15,Sports
Gor Mahia yashinda pambano muhimu dhidi ya wapinzani 16,Sports
Klabu za soka zaendelea kujifua kwa msimu mpya 17,Sports
Mashindano ya riadha yaanze leo mjini Eldoret 18,Sports
Mashindano ya riadha yaanze leo mjini Eldoret 19,Sports
Timu ya voliboli ya taifa yajiandaa kwa mashindano ya Afrika 20,Sports
Timu ya voliboli ya taifa yajiandaa kwa mashindano ya Afrika 21,Sports
Klabu za soka zaendelea kujifua kwa msimu mpya 22,Sports
Timu ya voliboli ya taifa yajiandaa kwa mashindano ya Afrika 23,Sports
Klabu za soka zaendelea kujifua kwa msimu mpya 24,Sports
Gor Mahia yashinda pambano muhimu dhidi ya wapinzani 25,Sports
Harambee Stars yatangaza kikosi kipya kwa mechi za kimataifa 26,Sports
Harambee Stars yatangaza kikosi kipya kwa mechi za kimataifa 27,Sports
Mwanariadha wa Kenya avunja rekodi ya kitaifa 28,Sports
Klabu za soka zaendelea kujifua kwa msimu mpya 29,Sports
Harambee Stars yatangaza kikosi kipya kwa mechi za kimataifa 30,Sports
Mashindano ya mbio za magari yaendelea Nakuru 31,Sports
Klabu za soka zaendelea kujifua kwa msimu mpya 32,Sports
Mashindano ya mbio za magari yaendelea Nakuru 33,Sports
Mashindano ya mbio za magari yaendelea Nakuru 34,Sports
Harambee Stars yatangaza kikosi kipya kwa mechi za kimataifa 35,Sports
Klabu za soka zaendelea kujifua kwa msimu mpya 36,Sports
Mchezaji mahiri akutwa na jeraha kabla ya mechi muhimu 37,Sports
Timu ya voliboli ya taifa yajiandaa kwa mashindano ya Afrika 38,Sports
Timu ya voliboli ya taifa yajiandaa kwa mashindano ya Afrika 39,Sports
Mashindano ya riadha yaanze leo mjini Eldoret 40,Sports
Dawa za kulevya zakamatwa katika mpaka wa Namanga 1,Crime
Polisi wawakamata washukiwa wa wizi katika oparesheni ya usiku 2,Crime
Polisi wawakamata washukiwa wa wizi katika oparesheni ya usiku 3,Crime
Mhalifu sugu akamatwa baada ya msako mkali 4,Crime
Genge la wahalifu lavamia biashara mjini Nairobi 5,Crime
Polisi wawakamata washukiwa wa wizi katika oparesheni ya usiku 6,Crime
Matapeli wakamatwa wakijifanya maafisa wa serikali 7,Crime
Matapeli wakamatwa wakijifanya maafisa wa serikali 8,Crime
Uchunguzi waanza kuhusu mauaji yaliyotokea Kisumu 9,Crime
Polisi wakamata bunduki zilizofichwa katika nyumba 10,Crime
Polisi wakamata bunduki zilizofichwa katika nyumba 11,Crime
Genge la wahalifu lavamia biashara mjini Nairobi 12,Crime
Polisi wakamata bunduki zilizofichwa katika nyumba 13,Crime
Polisi wawakamata washukiwa wa wizi katika oparesheni ya usiku 14,Crime
Matapeli wakamatwa wakijifanya maafisa wa serikali 15,Crime
Matapeli wakamatwa wakijifanya maafisa wa serikali 16,Crime
Dawa za kulevya zakamatwa katika mpaka wa Namanga 17,Crime
Ajali ya barabarani yaua watu kadhaa barabara kuu 18,Crime
Dawa za kulevya zakamatwa katika mpaka wa Namanga 19,Crime
Polisi wakamata bunduki zilizofichwa katika nyumba 20,Crime
Dawa za kulevya zakamatwa katika mpaka wa Namanga 21,Crime
Dawa za kulevya zakamatwa katika mpaka wa Namanga 22,Crime
Mhalifu sugu akamatwa baada ya msako mkali 23,Crime
Uchunguzi waanza kuhusu mauaji yaliyotokea Kisumu 24,Crime
Polisi wawakamata washukiwa wa wizi katika oparesheni ya usiku 25,Crime
Genge la wahalifu lavamia biashara mjini Nairobi 26,Crime
Mhalifu sugu akamatwa baada ya msako mkali 27,Crime
Polisi wakamata bunduki zilizofichwa katika nyumba 28,Crime
Mhalifu sugu akamatwa baada ya msako mkali 29,Crime
Matapeli wakamatwa wakijifanya maafisa wa serikali 30,Crime
Genge la wahalifu lavamia biashara mjini Nairobi 31,Crime
Matapeli wakamatwa wakijifanya maafisa wa serikali 32,Crime
Polisi wakamata bunduki zilizofichwa katika nyumba 33,Crime
Matapeli wakamatwa wakijifanya maafisa wa serikali 34,Crime
Polisi wakamata bunduki zilizofichwa katika nyumba 35,Crime
Uchunguzi waanza kuhusu mauaji yaliyotokea Kisumu 36,Crime
Mhalifu sugu akamatwa baada ya msako mkali 37,Crime
Matapeli wakamatwa wakijifanya maafisa wa serikali 38,Crime
Genge la wahalifu lavamia biashara mjini Nairobi 39,Crime
Ajali ya barabarani yaua watu kadhaa barabara kuu 40,Crime
Vifaa vipya vya uchunguzi wa kiafya vafungwa hospitalini 1,Health
Serikali yazindua mpango wa uchunguzi wa saratani bure 2,Health
Serikali yazindua mpango wa uchunguzi wa saratani bure 3,Health
Kampeni za uhamasisho juu ya afya ya akili zaendelea 4,Health
Wataalam wataka Wakenya kula vyakula bora 5,Health
Wataalam wataka Wakenya kula vyakula bora 6,Health
Wataalam wataka Wakenya kula vyakula bora 7,Health
Wizara ya Afya yazindua kampeni ya chanjo kote nchini 8,Health
Wizara ya Afya yazindua kampeni ya chanjo kote nchini 9,Health
Vifaa vipya vya uchunguzi wa kiafya vafungwa hospitalini 10,Health
Kampeni za uhamasisho juu ya afya ya akili zaendelea 11,Health
Kampeni za uhamasisho juu ya afya ya akili zaendelea 12,Health
Hospitali zakabiliwa na uhaba wa wauguzi 13,Health
Hospitali zakabiliwa na uhaba wa wauguzi 14,Health
Kituo kipya cha afya yajengwa kaunti ya Turkana 15,Health
Wizara ya Afya yazindua kampeni ya chanjo kote nchini 16,Health
Serikali yazindua mpango wa uchunguzi wa saratani bure 17,Health
Hospitali zakabiliwa na uhaba wa wauguzi 18,Health
Kituo kipya cha afya yajengwa kaunti ya Turkana 19,Health
Wizara ya Afya yazindua kampeni ya chanjo kote nchini 20,Health
Kampeni za uhamasisho juu ya afya ya akili zaendelea 21,Health
Kampeni za uhamasisho juu ya afya ya akili zaendelea 22,Health
Wizara ya Afya yazindua kampeni ya chanjo kote nchini 23,Health
Wizara ya Afya yazindua kampeni ya chanjo kote nchini 24,Health
Hospitali zakabiliwa na uhaba wa wauguzi 25,Health
Madaktari waonya kuhusu ongezeko la ugonjwa wa malaria 26,Health
Kituo kipya cha afya yajengwa kaunti ya Turkana 27,Health
Kampeni za uhamasisho juu ya afya ya akili zaendelea 28,Health
Hospitali zakabiliwa na uhaba wa wauguzi 29,Health
Hospitali zakabiliwa na uhaba wa wauguzi 30,Health
Madaktari waonya kuhusu ongezeko la ugonjwa wa malaria 31,Health
Hospitali zakabiliwa na uhaba wa wauguzi 32,Health
Serikali yazindua mpango wa uchunguzi wa saratani bure 33,Health
Wataalam wataka Wakenya kula vyakula bora 34,Health
Madaktari waonya kuhusu ongezeko la ugonjwa wa malaria 35,Health
Vifaa vipya vya uchunguzi wa kiafya vafungwa hospitalini 36,Health
Hospitali zakabiliwa na uhaba wa wauguzi 37,Health
Vifaa vipya vya uchunguzi wa kiafya vafungwa hospitalini 38,Health
Kampeni za uhamasisho juu ya afya ya akili zaendelea 39,Health
Vifaa vipya vya uchunguzi wa kiafya vafungwa hospitalini 40,Health
